标题,详情
Oversized One Piece Sunglasses For Women Men Fashion Vintage Sun Glasses Punk Large Frame Eyewear UV400 Shield Goggles,Imported
Oversized One Piece Sunglasses For Women Men Fashion Vintage Sun Glasses Punk Large Frame Eyewear UV400 Shield Goggles,Plastic frame
Oversized One Piece Sunglasses For Women Men Fashion Vintage Sun Glasses Punk Large Frame Eyewear UV400 Shield Goggles,Resin lens
Oversized One Piece Sunglasses For Women Men Fashion Vintage Sun Glasses Punk Large Frame Eyewear UV400 Shield Goggles,Non-Polarized
Oversized One Piece Sunglasses For Women Men Fashion Vintage Sun Glasses Punk Large Frame Eyewear UV400 Shield Goggles,UV Protection Coating coating
Oversized One Piece Sunglasses For Women Men Fashion Vintage Sun Glasses Punk Large Frame Eyewear UV400 Shield Goggles,Lens width: 65 millimeters
Oversized One Piece Sunglasses For Women Men Fashion Vintage Sun Glasses Punk Large Frame Eyewear UV400 Shield Goggles,Bridge: 17 millimeters
Oversized One Piece Sunglasses For Women Men Fashion Vintage Sun Glasses Punk Large Frame Eyewear UV400 Shield Goggles,Arm: 131 millimeters
Oversized One Piece Sunglasses For Women Men Fashion Vintage Sun Glasses Punk Large Frame Eyewear UV400 Shield Goggles,
